Rank	Target sequence	Genomic location	Strand	GC content (%)	Self-complementarity	MM0	MM1	MM2	MM3	Efficiency
1	CCTGTATGTTCAGGCCCTAGAGG	chr11:5292801	+	55	1	0	0	0	5	1.00
2	ATCGATATATTAATCAGGCTAGG	chr11:5292019	+	30	0	0	0	0	5	0.00
3	ATTAATCAGGCTAGGAGTCAGGG	chr11:5292027	+	40	0	0	0	0	7	0.00
4	TGACTTGCTAGCTCTTTACTTGG	chr11:5292100	+	40	0	0	0	0	8	0.00
5	CTCTGTTTGATGACAAATTCTGG	chr11:5291986	-	35	0	0	0	0	8	0.00
6	TCCCCAAAGGCACTTGACTTGGG	chr11:5292862	-	50	1	0	0	1	7	0.00
7	TCCCAAGTCAAGTGCCTTTGGGG	chr11:5292861	+	50	0	0	0	2	6	1.00
8	AGCTAGCAAGTCATCAAAATGGG	chr11:5292090	-	35	0	0	0	0	9	0.00
9	GAGCTAGCAAGTCATCAAAATGG	chr11:5292091	-	40	0	0	0	0	9	0.00
10	TTGGAATATGGAATCCCCAAAGG	chr11:5292875	-	40	0	0	0	0	9	0.00
11	GCTAGCAAGTCATCAAAATGGGG	chr11:5292089	-	40	0	0	0	1	8	1.00
12	ATGTAGAACAAGCCAGAAGGAGG	chr11:5292403	-	45	0	0	1	0	8	1.00
13	TCCTAGATCTGGTGGGGCAAGGG	chr11:5292759	-	55	0	0	1	0	8	0.00
14	CTGAACATACAGGAAATTGTAGG	chr11:5292791	-	35	0	0	0	1	9	0.00
15	CTCCCAAGTCAAGTGCCTTTGGG	chr11:5292860	+	50	0	0	0	0	11	0.00
16	GGAACAGAAATTCCTAGATCTGG	chr11:5292770	-	40	1	0	0	0	11	0.00
17	ACAGAAATTCCTAGATCTGGTGG	chr11:5292767	-	40	0	0	0	1	10	1.00
18	AGTGAATCGATATATTAATCAGG	chr11:5292014	+	25	0	0	0	1	10	0.00
19	ATCCCCAAAGGCACTTGACTTGG	chr11:5292863	-	50	1	0	0	1	10	0.00
20	TAGCATGAGCAATATTCTTCAGG	chr11:5292176	-	35	0	0	0	0	14	0.00
21	TTCCTAGATCTGGTGGGGCAAGG	chr11:5292760	-	55	0	0	0	1	13	0.00
22	AATGAGATTATGGTGATGTAAGG	chr11:5292366	-	30	0	0	0	2	12	0.00
23	GGGCTGGGGCAATGAGATTATGG	chr11:5292376	-	55	0	0	0	0	15	0.00
24	TGGATGTAGAACAAGCCAGAAGG	chr11:5292406	-	45	0	0	0	2	12	0.00
25	CAGAAATTCCTAGATCTGGTGGG	chr11:5292766	-	40	0	0	0	0	16	0.00
26	GTGACAGAAGTAATGATTGGGGG	chr11:5292290	+	40	0	0	0	0	17	1.00
27	ATGAGATTATGGTGATGTAAGGG	chr11:5292365	-	30	0	0	0	1	16	0.00
28	GTCTTTTTCACTTAGCAGTATGG	chr11:5292830	+	35	0	0	0	1	16	0.00
29	TCTCCCAAGTCAAGTGCCTTTGG	chr11:5292859	+	50	0	0	0	3	13	0.00
30	AAAAAGACGAAGAACCTCTAGGG	chr11:5292815	-	35	0	0	0	0	18	0.00
31	AGCAATATTCTTCAGGCACATGG	chr11:5292169	-	40	0	0	0	2	16	0.00
32	AGGCACTTGACTTGGGAGACAGG	chr11:5292855	-	55	0	0	0	2	16	0.00
33	TTTTATAGAATTAACAATGCTGG	chr11:5292340	-	20	0	0	0	0	22	0.00
34	ATTAACAATGCTGGAATTTGTGG	chr11:5292331	-	30	0	0	0	1	22	1.00
35	CTACAATTTCCTGTATGTTCAGG	chr11:5292792	+	35	0	0	0	1	23	0.00
36	GAAAAAGACGAAGAACCTCTAGG	chr11:5292816	-	40	0	0	0	1	23	0.00
37	AGAAATTCCTAGATCTGGTGGGG	chr11:5292765	-	40	0	0	0	0	27	1.00
38	AGAAACGCTCTTAGTAAACTTGG	chr11:5292894	-	35	0	0	0	2	24	0.00
39	TTACTTGGTAGAGCTGAAACTGG	chr11:5292115	+	40	0	0	1	0	26	0.00
40	ACAAGCCAGAAGGAGGAACTGGG	chr11:5292396	-	50	1	0	0	2	25	0.00
41	GTAGAAATGGATGGAGACGGAGG	chr11:5292715	-	50	0	0	0	3	24	1.00
42	TATTAATCAGGCTAGGAGTCAGG	chr11:5292026	+	40	0	0	0	3	24	0.00
43	ATAATGACAATGGTATTATAAGG	chr11:5292214	-	20	0	0	0	2	26	0.00
44	GTAGAGCTGAAACTGGAAGTTGG	chr11:5292122	+	45	0	0	0	3	25	0.00
45	AATGTGACAGAAGTAATGATTGG	chr11:5292287	+	30	0	0	0	4	24	0.00
46	TGTGACAGAAGTAATGATTGGGG	chr11:5292289	+	35	0	0	0	1	29	1.00
47	CCCCTTGCCCCACCAGATCTAGG	chr11:5292758	+	65	0	0	0	1	29	0.00
48	AACAAGCCAGAAGGAGGAACTGG	chr11:5292397	-	50	1	0	0	1	29	0.00
49	CTCTTAGTAAACTTGGAATATGG	chr11:5292887	-	30	0	0	0	4	25	0.00
50	ATCCTCATATTTTAGAATCAAGG	chr11:5292235	+	25	0	0	0	3	27	0.00
51	ATGTGACAGAAGTAATGATTGGG	chr11:5292288	+	30	0	0	0	2	30	0.00
52	TTCCTTGATTCTAAAATATGAGG	chr11:5292237	-	25	0	0	0	3	30	1.00
53	TAGAGCTGAAACTGGAAGTTGGG	chr11:5292123	+	40	0	0	0	6	26	0.00
54	AAATATGAGGATAATGACAATGG	chr11:5292224	-	25	0	0	1	2	32	0.00
55	GCCAGAAGGAGGAACTGGGCTGG	chr11:5292392	-	65	0	0	0	7	27	0.00
56	TCTACCATTTCTTTCTCCTATGG	chr11:5292733	+	35	0	0	0	3	39	0.00
57	GGTGGGGCAAGGGGAGCCATAGG	chr11:5292749	-	70	0	0	0	3	40	0.00
58	CCCAGCCCAGTTCCTCCTTCTGG	chr11:5292391	+	65	0	0	0	5	42	0.00
59	ATGGTAGAAATGGATGGAGACGG	chr11:5292718	-	40	0	0	0	6	41	0.00
60	TAATGACAATGGTATTATAAGGG	chr11:5292213	-	20	0	0	0	1	56	0.00
61	ATGGATGGAGACGGAGGCAGAGG	chr11:5292709	-	60	0	0	1	3	56	1.00
62	GGAGCCATAGGAGAAAGAAATGG	chr11:5292737	-	45	1	0	0	8	77	0.00
63	CAGAAGGAGGAACTGGGCTGGGG	chr11:5292390	-	60	0	0	0	2	100	1.00
64	ATATAATAAATAACAAAGTCAGG	chr11:5292928	-	15	0	0	0	5	98	0.00
65	GGGACATACAGAAAAAAAAAAGG	chr11:5292069	-	30	0	0	0	1	111	0.00
66	GGAGAAAGAAATGGTAGAAATGG	chr11:5292728	-	35	0	0	1	4	122	0.00
67	AAAGAAATGGTAGAAATGGATGG	chr11:5292724	-	30	0	0	1	12	119	0.00
68	GATGGAGACGGAGGCAGAGGTGG	chr11:5292706	-	65	0	0	1	25	206	1.00
69	ATGGAGACGGAGGCAGAGGTGGG	chr11:5292705	-	60	0	0	3	34	299	0.00
70	GAAAAAAAAAAGGACACTAGAGG	chr11:5292059	-	30	0	0	2	46	286	1.00
71	CGTTTGAACCCAGGAGGCGAAGG	chr11:5292544	-	60	0	11	307	23	>=0	0.00
72	GTCTCACTCTGTTGCCAGACTGG	chr11:5292490	+	55	2	60	264	6	>=0	0.00
73	GCAGAGGTGGGCAGATCATGAGG	chr11:5292693	-	60	0	51	273	28	>=0	1.00
74	GTTGCCAGACTGGAGTGCAATGG	chr11:5292500	+	55	1	15	302	55	>=0	0.00
75	AGTGCCATTGCACTCCAGTCTGG	chr11:5292504	-	55	1	20	313	81	>=0	0.00
76	GAGAATCGTTTGAACCCAGGAGG	chr11:5292550	-	50	0	329	6	0	>=0	1.00
77	TGTAGTCCCAGCTGCTCGGGAGG	chr11:5292582	-	65	1	328	27	0	>=0	1.00
78	GCCTCAGCCTCCCGAGCAGCTGG	chr11:5292575	+	75	1	354	9	0	>=0	0.00
79	AAGAAAAAAGAAAAAATAAATGG	chr11:5292426	-	10	0	0	66	466	>=133	0.00
80	TAAAAATAAAAAAATTAGCTGGG	chr11:5292621	-	10	0	366	42	0	>=0	0.00
81	CACTGCAACCTTCGCCTCCTGGG	chr11:5292536	+	60	0	346	81	0	>=0	0.00
82	AAAAAAAAAAAAAACACTTGTGG	chr11:5292975	+	15	0	3	124	518	>=0	1.00
83	TCAAGAGATCGAGACCATCCTGG	chr11:5292670	-	50	0	462	2	0	>=0	0.00
84	TTTCACCATGTTTGCCAGGATGG	chr11:5292656	+	45	1	248	275	0	>=0	0.00
85	ATAAAAAAATTAGCTGGGCATGG	chr11:5292616	-	30	0	328	278	0	>=0	0.00
86	CCTCAGCCTCCCGAGCAGCTGGG	chr11:5292576	+	70	1	436	164	0	>=0	0.00
87	GGGATTTCACCATGTTTGCCAGG	chr11:5292652	+	50	0	50	344	418	>=0	0.00
88	GCTGCTCGGGAGGCTGAGGCAGG	chr11:5292572	-	75	0	388	282	0	>=0	0.00
89	CTAAAAATAAAAAAATTAGCTGG	chr11:5292622	-	15	0	641	0	0	>=0	0.00
90	TCACTGCAACCTTCGCCTCCTGG	chr11:5292535	+	60	0	667	10	0	>=0	0.00
91	TCCCGAGCAGCTGGGACTACAGG	chr11:5292584	+	65	0	337	434	0	>=0	0.00
92	CGAGACCATCCTGGCAAACATGG	chr11:5292661	-	55	1	219	657	0	>=0	0.00
93	AAAAAATTAGCTGGGCATGGTGG	chr11:5292613	-	40	0	642	154	0	>=0	1.00
94	TTTTTTATTTTTAGTAGAGACGG	chr11:5292631	+	15	0	695	254	0	>=0	0.00
95	CAGGAGAATCGTTTGAACCCAGG	chr11:5292553	-	50	0	700	263	0	>=0	0.00
96	CGCCTGTAGTCCCAGCTGCTCGG	chr11:5292586	-	65	0	954	0	0	>=0	0.00
97	GCCTGTAGTCCCAGCTGCTCGGG	chr11:5292585	-	65	0	780	225	0	>=0	0.00
98	TTTTTATTTTTAGTAGAGACGGG	chr11:5292632	+	20	0	692	503	0	>=0	0.00
99	TTTTTTTTTTTTTTTTGAGACGG	chr11:5292466	+	10	0	1200	0	0	>=0	0.00
